[
  {
    "id": "d1404e39-601f-43cc-9cb4-577f2e0d5ebb",
    "data": [
      {
        "text": "show ",
        "userDefined": false
      },
      {
        "text": "all the planes",
        "alias": "all",
        "meta": "@all",
        "userDefined": true
      }
    ],
    "isTemplate": false,
    "count": 0,
    "updated": 0
  },
  {
    "id": "9da9db99-4a47-4aea-995b-aaeb995ff791",
    "data": [
      {
        "text": "launch ",
        "userDefined": false
      },
      {
        "text": "wing",
        "alias": "wing",
        "meta": "@wing",
        "userDefined": false
      }
    ],
    "isTemplate": false,
    "count": 0,
    "updated": 0
  },
  {
    "id": "629b1090-b484-4745-a8c0-b780b5d3c83a",
    "data": [
      {
        "text": "submit ",
        "userDefined": false
      },
      {
        "text": "wing",
        "alias": "wing",
        "meta": "@wing",
        "userDefined": true
      }
    ],
    "isTemplate": false,
    "count": 0,
    "updated": 0
  },
  {
    "id": "9df9ad3d-03b5-493c-9b5f-b75887ad9e78",
    "data": [
      {
        "text": "plane ",
        "userDefined": false
      },
      {
        "text": "VLG3300",
        "alias": "any",
        "meta": "@sys.any",
        "userDefined": true
      }
    ],
    "isTemplate": false,
    "count": 0,
    "updated": 0
  },
  {
    "id": "0ac7aef7-e0f0-4255-88e6-6ab82a47f4f5",
    "data": [
      {
        "text": "show me ",
        "userDefined": false
      },
      {
        "text": "Vueling",
        "alias": "Company",
        "meta": "@Company",
        "userDefined": false
      },
      {
        "text": " Aircrafts",
        "userDefined": false
      }
    ],
    "isTemplate": false,
    "count": 0,
    "updated": 0
  }
]