[
  {
    "id": "7019df14-02e3-41c6-a82f-f8720622e477",
    "data": [
      {
        "text": "fly",
        "alias": "fly",
        "meta": "@fly",
        "userDefined": false
      },
      {
        "text": " to ",
        "userDefined": false
      },
      {
        "text": "spain",
        "alias": "geo-country",
        "meta": "@sys.geo-country",
        "userDefined": false
      }
    ],
    "isTemplate": false,
    "count": 0,
    "updated": 0
  },
  {
    "id": "39481766-7a40-48a9-bf5d-499ed7bc85ba",
    "data": [
      {
        "text": "@",
        "userDefined": false
      },
      {
        "text": "go",
        "alias": "fly",
        "meta": "@fly",
        "userDefined": true
      },
      {
        "text": " @",
        "userDefined": false
      },
      {
        "text": "Sorocaba",
        "alias": "geo-city",
        "meta": "@sys.geo-city",
        "userDefined": true
      }
    ],
    "isTemplate": false,
    "count": 0,
    "updated": 0
  },
  {
    "id": "dd78d642-5a83-4bd8-b815-f8c4fe007007",
    "data": [
      {
        "text": "@",
        "userDefined": false
      },
      {
        "text": "fly",
        "alias": "fly",
        "meta": "@fly",
        "userDefined": true
      },
      {
        "text": " to @",
        "userDefined": false
      },
      {
        "text": "Cordoba",
        "alias": "geo-city",
        "meta": "@sys.geo-city",
        "userDefined": true
      }
    ],
    "isTemplate": false,
    "count": 0,
    "updated": 0
  }
]