[
  {
    "id": "2a50ea35-ff2d-4220-913c-f7d4d01d8e93",
    "data": [
      {
        "text": "Orbit",
        "alias": "directions",
        "meta": "@directions",
        "userDefined": true
      }
    ],
    "isTemplate": false,
    "count": 0,
    "updated": 0
  },
  {
    "id": "a5632dfb-eb4f-462d-8291-2619ac5f6cbc",
    "data": [
      {
        "text": "zoom",
        "alias": "directions",
        "meta": "@directions",
        "userDefined": false
      }
    ],
    "isTemplate": false,
    "count": 0,
    "updated": 0
  },
  {
    "id": "50fef8da-6d66-4cb8-b385-c59a4095a587",
    "data": [
      {
        "text": "go",
        "meta": "@sys.ignore",
        "userDefined": false
      },
      {
        "text": " ",
        "userDefined": false
      },
      {
        "text": "Left",
        "alias": "directions",
        "meta": "@directions",
        "userDefined": false
      }
    ],
    "isTemplate": false,
    "count": 0,
    "updated": 0
  },
  {
    "id": "eab9c31c-f328-486e-a2ec-94c48d7379b0",
    "data": [
      {
        "text": "Move ",
        "userDefined": false
      },
      {
        "text": "left",
        "alias": "directions",
        "meta": "@directions",
        "userDefined": true
      }
    ],
    "isTemplate": false,
    "count": 0,
    "updated": 0
  }
]