[
  {
    "id": "3e8da8c6-e801-4b3f-961a-6c5246f90dca",
    "data": [
      {
        "text": "run ",
        "userDefined": false
      },
      {
        "text": "Ivan",
        "alias": "person",
        "meta": "@person",
        "userDefined": true
      },
      {
        "text": " demo",
        "userDefined": false
      }
    ],
    "isTemplate": false,
    "count": 0,
    "updated": 0
  },
  {
    "id": "94150086-d4ba-43ee-82c6-c69ccbbd5199",
    "data": [
      {
        "text": "deploy ",
        "userDefined": false
      },
      {
        "text": "Marcel",
        "alias": "person",
        "meta": "@person",
        "userDefined": true
      },
      {
        "text": " demo",
        "userDefined": false
      }
    ],
    "isTemplate": false,
    "count": 0,
    "updated": 0
  }
]