[
  {
    "id": "a3b9246a-071e-4440-ac76-37032e26a49f",
    "data": [
      {
        "text": "time man",
        "userDefined": false
      }
    ],
    "isTemplate": false,
    "count": 0,
    "updated": 0
  },
  {
    "id": "39d53115-094c-4df6-a48c-deb1c040e441",
    "data": [
      {
        "text": "time men",
        "userDefined": false
      }
    ],
    "isTemplate": false,
    "count": 0,
    "updated": 0
  },
  {
    "id": "eee6428c-89d1-4ab1-b122-9eabd4384088",
    "data": [
      {
        "text": "oh My master, what time is it",
        "userDefined": false
      }
    ],
    "isTemplate": false,
    "count": 0,
    "updated": 0
  }
]