[
  {
    "id": "6d914e7e-e73f-4922-8be6-2ef0d30472ac",
    "data": [
      {
        "text": "Where am I",
        "userDefined": false
      }
    ],
    "isTemplate": false,
    "count": 0,
    "updated": 0
  },
  {
    "id": "74dbe863-46f9-46f8-af4e-8608e868cfa3",
    "data": [
      {
        "text": "what\u0027s that place",
        "userDefined": false
      }
    ],
    "isTemplate": false,
    "count": 0,
    "updated": 0
  },
  {
    "id": "202ad2b4-64f4-4243-a87b-6dbd3f27adea",
    "data": [
      {
        "text": "Tell me my position",
        "userDefined": false
      }
    ],
    "isTemplate": false,
    "count": 0,
    "updated": 0
  }
]