[
  {
    "value": "AIQ",
    "synonyms": [
      "Thai AirAsia"
    ]
  },
  {
    "value": "BAW",
    "synonyms": [
      "British Airways"
    ]
  },
  {
    "value": "DAL",
    "synonyms": [
      "DAL",
      "Delta Airlines"
    ]
  },
  {
    "value": "IBE",
    "synonyms": [
      "Iberia"
    ]
  },
  {
    "value": "RYR",
    "synonyms": [
      "Ryan Air",
      "Ryanair"
    ]
  },
  {
    "value": "UAL",
    "synonyms": [
      "UAL",
      "United Airlines"
    ]
  },
  {
    "value": "VLG",
    "synonyms": [
      "Vueling"
    ]
  }
]