[
  {
    "value": "left",
    "synonyms": [
      "Left",
      "left"
    ]
  },
  {
    "value": "north",
    "synonyms": [
      "Top",
      "Up",
      "north",
      "top",
      "up"
    ]
  },
  {
    "value": "orbit",
    "synonyms": [
      "Orbit",
      "orbit"
    ]
  },
  {
    "value": "right",
    "synonyms": [
      "Right",
      "right"
    ]
  },
  {
    "value": "south",
    "synonyms": [
      "Down",
      "down",
      "south"
    ]
  },
  {
    "value": "zoom in",
    "synonyms": [
      "zoom in"
    ]
  },
  {
    "value": "zoom out",
    "synonyms": [
      "zoom out"
    ]
  }
]